{"assets/background.png":["assets/background.png"],"assets/bg.png":["assets/bg.png"],"assets/bg2.png":["assets/bg2.png"],"assets/bottomnavbaritems/cards.png":["assets/bottomnavbaritems/cards.png"],"assets/bottomnavbaritems/cark.png":["assets/bottomnavbaritems/cark.png"],"assets/bottomnavbaritems/clear.png":["assets/bottomnavbaritems/clear.png"],"assets/bottomnavbaritems/dailybottom.png":["assets/bottomnavbaritems/dailybottom.png"],"assets/bottomnavbaritems/insanlar.png":["assets/bottomnavbaritems/insanlar.png"],"assets/bottomnavbaritems/lamba.png":["assets/bottomnavbaritems/lamba.png"],"assets/bottomnavbaritems/signbottom.png":["assets/bottomnavbaritems/signbottom.png"],"assets/bottomnavbaritems/tarotbottom.png":["assets/bottomnavbaritems/tarotbottom.png"],"assets/bottomnavbaritems/wishbottom.png":["assets/bottomnavbaritems/wishbottom.png"],"assets/bottomnavbaritems/zarf.png":["assets/bottomnavbaritems/zarf.png"],"assets/bottomnavbaritems/zzz.png":["assets/bottomnavbaritems/zzz.png"],"assets/daisy.png":["assets/daisy.png"],"assets/dandelion.png":["assets/dandelion.png"],"assets/elephant.png":["assets/elephant.png"],"assets/enterpage.png":["assets/enterpage.png"],"assets/fal.png":["assets/fal.png"],"assets/fish.png":["assets/fish.png"],"assets/gecebg.png":["assets/gecebg.png"],"assets/gecesonbg.png":["assets/gecesonbg.png"],"assets/gunlukicon.png":["assets/gunlukicon.png"],"assets/ha.jpg":["assets/ha.jpg"],"assets/homeicon.png":["assets/homeicon.png"],"assets/id.jpg":["assets/id.jpg"],"assets/instagram.png":["assets/instagram.png"],"assets/ivy.png":["assets/ivy.png"],"assets/kesfet.png":["assets/kesfet.png"],"assets/kuvars.png":["assets/kuvars.png"],"assets/kuyu.gif":["assets/kuyu.gif"],"assets/kuyuson.gif":["assets/kuyuson.gif"],"assets/lavender.png":["assets/lavender.png"],"assets/leon.png":["assets/leon.png"],"assets/lilac.png":["assets/lilac.png"],"assets/loading.gif":["assets/loading.gif"],"assets/loginpage.png":["assets/loginpage.png"],"assets/logo.png":["assets/logo.png"],"assets/mail.png":["assets/mail.png"],"assets/moon.png":["assets/moon.png"],"assets/my.jpg":["assets/my.jpg"],"assets/ok.jpeg":["assets/ok.jpeg"],"assets/owl.png":["assets/owl.png"],"assets/profilepic.png":["assets/profilepic.png"],"assets/sansicon.png":["assets/sansicon.png"],"assets/selenyt.png":["assets/selenyt.png"],"assets/signup.png":["assets/signup.png"],"assets/skyblue.png":["assets/skyblue.png"],"assets/skygreen.png":["assets/skygreen.png"],"assets/skypurple.png":["assets/skypurple.png"],"assets/skyyellow.png":["assets/skyyellow.png"],"assets/splash2.png":["assets/splash2.png"],"assets/sun.png":["assets/sun.png"],"assets/tarotarka.png":["assets/tarotarka.png"],"assets/tarotcards/1.png":["assets/tarotcards/1.png"],"assets/tarotcards/10.png":["assets/tarotcards/10.png"],"assets/tarotcards/11.png":["assets/tarotcards/11.png"],"assets/tarotcards/12.png":["assets/tarotcards/12.png"],"assets/tarotcards/13.png":["assets/tarotcards/13.png"],"assets/tarotcards/14.png":["assets/tarotcards/14.png"],"assets/tarotcards/15.png":["assets/tarotcards/15.png"],"assets/tarotcards/16.png":["assets/tarotcards/16.png"],"assets/tarotcards/17.png":["assets/tarotcards/17.png"],"assets/tarotcards/18.png":["assets/tarotcards/18.png"],"assets/tarotcards/19.png":["assets/tarotcards/19.png"],"assets/tarotcards/2.png":["assets/tarotcards/2.png"],"assets/tarotcards/20.png":["assets/tarotcards/20.png"],"assets/tarotcards/21.png":["assets/tarotcards/21.png"],"assets/tarotcards/22.png":["assets/tarotcards/22.png"],"assets/tarotcards/23.png":["assets/tarotcards/23.png"],"assets/tarotcards/24.png":["assets/tarotcards/24.png"],"assets/tarotcards/25.png":["assets/tarotcards/25.png"],"assets/tarotcards/26.png":["assets/tarotcards/26.png"],"assets/tarotcards/27.png":["assets/tarotcards/27.png"],"assets/tarotcards/28.png":["assets/tarotcards/28.png"],"assets/tarotcards/29.png":["assets/tarotcards/29.png"],"assets/tarotcards/3.png":["assets/tarotcards/3.png"],"assets/tarotcards/30.png":["assets/tarotcards/30.png"],"assets/tarotcards/31.png":["assets/tarotcards/31.png"],"assets/tarotcards/32.png":["assets/tarotcards/32.png"],"assets/tarotcards/33.png":["assets/tarotcards/33.png"],"assets/tarotcards/34.png":["assets/tarotcards/34.png"],"assets/tarotcards/35.png":["assets/tarotcards/35.png"],"assets/tarotcards/36.png":["assets/tarotcards/36.png"],"assets/tarotcards/37.png":["assets/tarotcards/37.png"],"assets/tarotcards/38.png":["assets/tarotcards/38.png"],"assets/tarotcards/39.png":["assets/tarotcards/39.png"],"assets/tarotcards/4.png":["assets/tarotcards/4.png"],"assets/tarotcards/40.png":["assets/tarotcards/40.png"],"assets/tarotcards/41.png":["assets/tarotcards/41.png"],"assets/tarotcards/42.png":["assets/tarotcards/42.png"],"assets/tarotcards/43.png":["assets/tarotcards/43.png"],"assets/tarotcards/44.png":["assets/tarotcards/44.png"],"assets/tarotcards/45.png":["assets/tarotcards/45.png"],"assets/tarotcards/46.png":["assets/tarotcards/46.png"],"assets/tarotcards/47.png":["assets/tarotcards/47.png"],"assets/tarotcards/48.png":["assets/tarotcards/48.png"],"assets/tarotcards/49.png":["assets/tarotcards/49.png"],"assets/tarotcards/5.png":["assets/tarotcards/5.png"],"assets/tarotcards/50.png":["assets/tarotcards/50.png"],"assets/tarotcards/51.png":["assets/tarotcards/51.png"],"assets/tarotcards/52.png":["assets/tarotcards/52.png"],"assets/tarotcards/53.png":["assets/tarotcards/53.png"],"assets/tarotcards/54.png":["assets/tarotcards/54.png"],"assets/tarotcards/55.png":["assets/tarotcards/55.png"],"assets/tarotcards/56.png":["assets/tarotcards/56.png"],"assets/tarotcards/57.png":["assets/tarotcards/57.png"],"assets/tarotcards/58.png":["assets/tarotcards/58.png"],"assets/tarotcards/59.png":["assets/tarotcards/59.png"],"assets/tarotcards/6.png":["assets/tarotcards/6.png"],"assets/tarotcards/60.png":["assets/tarotcards/60.png"],"assets/tarotcards/61.png":["assets/tarotcards/61.png"],"assets/tarotcards/62.png":["assets/tarotcards/62.png"],"assets/tarotcards/63.png":["assets/tarotcards/63.png"],"assets/tarotcards/64.png":["assets/tarotcards/64.png"],"assets/tarotcards/65.png":["assets/tarotcards/65.png"],"assets/tarotcards/66.png":["assets/tarotcards/66.png"],"assets/tarotcards/67.png":["assets/tarotcards/67.png"],"assets/tarotcards/68.png":["assets/tarotcards/68.png"],"assets/tarotcards/69.png":["assets/tarotcards/69.png"],"assets/tarotcards/7.png":["assets/tarotcards/7.png"],"assets/tarotcards/70.png":["assets/tarotcards/70.png"],"assets/tarotcards/71.png":["assets/tarotcards/71.png"],"assets/tarotcards/72.png":["assets/tarotcards/72.png"],"assets/tarotcards/73.png":["assets/tarotcards/73.png"],"assets/tarotcards/74.png":["assets/tarotcards/74.png"],"assets/tarotcards/75.png":["assets/tarotcards/75.png"],"assets/tarotcards/76.png":["assets/tarotcards/76.png"],"assets/tarotcards/77.png":["assets/tarotcards/77.png"],"assets/tarotcards/78.png":["assets/tarotcards/78.png"],"assets/tarotcards/79.png":["assets/tarotcards/79.png"],"assets/tarotcards/8.png":["assets/tarotcards/8.png"],"assets/tarotcards/9.png":["assets/tarotcards/9.png"],"assets/taroticon.png":["assets/taroticon.png"],"assets/turtle.png":["assets/turtle.png"],"assets/tygereye.png":["assets/tygereye.png"],"assets/wishcard.png":["assets/wishcard.png"],"assets/ya.jpg":["assets/ya.jpg"],"packages/cupertino_icons/assets/CupertinoIcons.ttf":["packages/cupertino_icons/assets/CupertinoIcons.ttf"],"packages/font_awesome_flutter/lib/fonts/fa-brands-400.ttf":["packages/font_awesome_flutter/lib/fonts/fa-brands-400.ttf"],"packages/font_awesome_flutter/lib/fonts/fa-regular-400.ttf":["packages/font_awesome_flutter/lib/fonts/fa-regular-400.ttf"],"packages/font_awesome_flutter/lib/fonts/fa-solid-900.ttf":["packages/font_awesome_flutter/lib/fonts/fa-solid-900.ttf"]}